id;firstname;lastname;creationdate
1;EXE;fuchsia Macao;2020-08-05
2;mindshare Wooden calculate;Australia Intelligent portals;2020-08-06
3;protocol tangible Division;Handcrafted Factors;2020-08-06
4;Multi-tiered;Response context-sensitive;2020-08-06
5;reboot;Wooden;2020-08-06
6;empower;Awesome Checking Account;2020-08-06
7;Central disintermediate copying;Mall Human Cambridgeshire;2020-08-06
8;Auto Loan Account;Tanzania;2020-08-06
9;violet;Zimbabwe Dollar Metal content-based;2020-08-06
10;Bedfordshire Computers;fuchsia copying;2020-08-06
